Part Number,Category,Manufacturer,Manufacturer Part Number,Description,Supplier,Supplier URL,Datasheet,LCSC Part #,Library Path,Library Ref,Footprint Path,Footprint Ref,
STM32F103C8T6,,STMicroelectronics,STM32F103C8T6,IC ARM Cortex-M3 MCU 32BIT 72MHz 64KB FLASH 48LQFP,DigiKey,https://www.digikey.com/en/products/detail/stmicroelectronics/STM32F103C8T6/1646338,https://www.st.com/resource/en/datasheet/stm32f103cb.pdf,C8734,../symbols/naveedk_symbols.schlib,STM32F103Cx,../footprints/naveedk_footprints.pcblib,LQFP-48,
STM32F030C8T6,,STMicroelectronics,STM32F103C8T6,IC ARM Cortex-M0 MCU 32BIT 48MHz 64KB FLASH 48LQFP,DigiKey,https://www.digikey.com/en/products/detail/stmicroelectronics/STM32F030C8T6/4357252,https://www.st.com/resource/en/datasheet/stm32f030c8.pdf,C23922,../symbols/naveedk_symbols.schlib,STM32F030Cx,../footprints/naveedk_footprints.pcblib,LQFP-48,
SN65HVD230DR,,Texas Instruments,SN65HVD230DR,IC CAN TXRX 8-SOIC,DigiKey,https://www.digikey.com/en/products/detail/texas-instruments/SN65HVD230DR/404367,https://www.ti.com/lit/gpn/SN65HVD230,C12084,../symbols/naveedk_symbols.schlib,SN65HVD230,../footprints/naveedk_footprints.pcblib,SOIC-8,
74HC165D-653,,Nexperia,74HC165D-653,IC PISO SHFT REG COMPLEMENTARY 8BIT 16-SO,DigiKey,https://www.digikey.com/en/products/detail/nexperia-usa-inc/74HC165D-653/763013,https://assets.nexperia.com/documents/data-sheet/74HC_HCT165.pdf,C5613,../symbols/naveedk_symbols.schlib,74HC165D,../footprints/naveedk_footprints.pcblib,SOIC-16,
74HC595D-118,,Nexperia,74HC595D-118,IC SIPO SHFT REG TRI-STATE 8BIT 16-SO,DigiKey,https://www.digikey.com/en/products/detail/nexperia-usa-inc/74HC595D-118/763087,https://assets.nexperia.com/documents/data-sheet/74HC_HCT595.pdf,C5947,../symbols/naveedk_symbols.schlib,74HC595D,../footprints/naveedk_footprints.pcblib,SOIC-16,
74HC14D-653,,Nexperia,74HC14D-653,IC SCHMITT INV 6-CIR 1-IN 14-SO,DigiKey,https://www.digikey.com/en/products/detail/nexperia-usa-inc/74HC14D-653/763005,https://assets.nexperia.com/documents/data-sheet/74HC_HCT14.pdf,C5605,../symbols/naveedk_symbols.schlib,74HC14D,../footprints/naveedk_footprints.pcblib,SOIC-14,
CD4052BM96,,Texas Instruments,CD4052BM96,IC SWITCH SP4T X 2 (4:1 MUX) 240OHM 16SOIC,DigiKey,https://www.digikey.com/en/products/detail/texas-instruments/CD4052BM96/528374,https://www.ti.com/lit/gpn/CD4052B,C6521,../symbols/naveedk_symbols.schlib,CD4052B,../footprints/naveedk_footprints.pcblib,SOIC-16,
XC6206P332MR-G,,Torex Semiconductor,XC6206P332MR-G,IC REG LINEAR 3.3V 200MA SOT23,DigiKey,https://www.digikey.com/en/products/detail/torex-semiconductor-ltd/XC6206P332MR-G/7386004,https://product.torexsemi.com/system/files/series/xc6206.pdf,C5446,../symbols/naveedk_symbols.schlib,XC6206PxxxMR,../footprints/naveedk_footprints.pcblib,SOT-23,
TPS54331DR,,Texas Instruments,TPS54331DR,IC REG BUCK ADJ 3A 8SOIC,DigiKey,https://www.digikey.com/en/products/detail/texas-instruments/TPS54331DR/2047963,https://www.ti.com/lit/gpn/TPS54331,C9865,../symbols/naveedk_symbols.schlib,TPS54331,../footprints/naveedk_footprints.pcblib,SOIC-8,
M24C02-WMN6TP,,STMicroelectronics,M24C02-WMN6TP,IC EEPROM 2KBIT I2C 400KHZ 8SOIC,DigiKey,https://www.digikey.com/en/products/detail/stmicroelectronics/M24C02-WMN6TP/1663568,https://www.st.com/resource/en/datasheet/m24c02-w.pdf,C7562,../symbols/naveedk_symbols.schlib,M24Cxxx,../footprints/naveedk_footprints.pcblib,SOIC-8,
M24C64-RMN6TP,,STMicroelectronics,M24C64-RMN6TP,IC EEPROM 64KBIT I2C 1MHZ 8SOIC,DigiKey,https://www.digikey.com/en/products/detail/stmicroelectronics/M24C64-RMN6TP/1663609,https://www.st.com/resource/en/datasheet/m24c64-r.pdf,C79988,../symbols/naveedk_symbols.schlib,M24Cxxx,../footprints/naveedk_footprints.pcblib,SOIC-8,
W25Q128JVSIQ,,Winbond Electronics,W25Q128JVSIQ,IC FLASH 128MBIT SPI/QUAD 8SOIC,DigiKey,https://www.digikey.com/en/products/detail/winbond-electronics/W25Q128JVSIQ/5803943,https://mm.digikey.com/Volume0/opasdata/d220001/medias/docus/7161/256_W25Q128JV.pdf,C97521,../symbols/naveedk_symbols.schlib,W25Q,../footprints/naveedk_footprints.pcblib,SOIC-8-208MIL,
LM358DR2G,,onsemi,LM358DR2G,IC OP AMP 2CH 8-SOIC,DigiKey,https://www.digikey.com/en/products/detail/onsemi/LM358DR2G/661123,https://www.onsemi.com/pdf/datasheet/lm358-d.pdf,C7950,../symbols/naveedk_symbols.schlib,LM358D,../footprints/naveedk_footprints.pcblib,SOIC-8,
LM393DR2G,,onsemi,LM393DR2G,IC COMPARATOR 2CH 8-SOIC,DigiKey,https://www.digikey.com/en/products/detail/onsemi/LM393DR2G/918527,https://www.onsemi.com/pdf/datasheet/lm393-d.pdf,C7955,../symbols/naveedk_symbols.schlib,LM393D,../footprints/naveedk_footprints.pcblib,SOIC-8,
ULN2003ADR,,Texas Instruments,ULN2003ADR,IC PWR RELAY 7NPN 50V 500mA 1:1 16SOIC,DigiKey,https://www.digikey.com/en/products/detail/texas-instruments/ULN2003ADR/277011,https://www.ti.com/lit/gpn/ULN2003A,C7512,../symbols/naveedk_symbols.schlib,ULN2003A,../footprints/naveedk_footprints.pcblib,SOIC-16,