Part Number,Category,Manufacturer,Manufacturer Part Number,Description,Value,Package,Power,Tolerance,Supplier,Supplier URL,Datasheet,LCSC Part #,Library Ref,Library Path,Footprint Ref,Footprint Path,
RES_100k_0603_1%,Resistor,Royalohm,0603WAF1003T5E,,100k,0603,100mW,1%,Mouser,https://www.mouser.com/c/?q=0603WAF1003T5E,,https://www.royalohm.com/assets/pdf/products/smd/1.pdf,C25803,
RES_100R_0603_1%,Resistor,Royalohm,0603WAF1000T5E,,https://www.mouser.com/c/?q=0603WAF1000T5E,https://www.royalohm.com/assets/pdf/products/smd/1.pdf,
RES_4k7_0603_1%,Resistor,Royalohm,0603WAF4701T5E,,https://www.mouser.com/c/?q=0603WAF4701T5E,https://www.royalohm.com/assets/pdf/products/smd/1.pdf,
RES_0R_0603_1%,Resistor,Royalohm,0603WAF0000T5E,,https://www.mouser.com/c/?q=0603WAF0000T5E,https://www.royalohm.com/assets/pdf/products/smd/1.pdf,
RES_1k0_0603_1%,Resistor,Royalohm,,,https://www.royalohm.com/assets/pdf/products/smd/1.pdf,
RES_2k0_0603_1%,Resistor,Royalohm,,,https://www.royalohm.com/assets/pdf/products/smd/1.pdf,
RES_5k1_0603_1%,Resistor,Royalohm,,,https://www.royalohm.com/assets/pdf/products/smd/1.pdf,
RES_2k2_0603_1%,Resistor,Royalohm,,,https://www.royalohm.com/assets/pdf/products/smd/1.pdf,
RES_22R_0603_1%,Resistor,Royalohm,https://www.royalohm.com/assets/pdf/products/smd/1.pdf,
RES_120R_0603_1%,Resistor,Royalohm,,,https://www.royalohm.com/assets/pdf/products/smd/1.pdf,
RES_49R9_0603_1%,Resistor,Royalohm,,,https://www.royalohm.com/assets/pdf/products/smd/1.pdf,
RES_1k5_0603_1%,Resistor,Royalohm,,,https://www.royalohm.com/assets/pdf/products/smd/1.pdf,
RES_3k0_0603_1%,Resistor,Royalohm,,,https://www.royalohm.com/assets/pdf/products/smd/1.pdf,